,size,Python,Spark
0,100000,9.803575038909912,8.771937131881714
1,200000,29.11591410636902,15.145352125167847
2,300000,44.54388785362244,21.751240968704224
3,400000,63.70501089096069,29.512084007263184
4,500000,98.93834114074707,41.840492725372314
5,600000,124.628103017807,53.15657687187195
6,700000,151.90537929534912,58.044402837753296
7,800000,181.23431086540222,65.27103090286255
8,900000,210.1286017894745,72.8586950302124
9,1000000,237.78002405166626,89.19470071792603
